{"cameraMode":{"drawMode":0,"name":"Shaded","section":"Shading Mode"},"sceneLighting":true,"audioPlay":false,"sceneViewState":{"m_AlwaysRefresh":true,"showFog":false,"showSkybox":true,"showFlares":true,"showImageEffects":true,"showParticleSystems":true,"showVisualEffectGraphs":true,"m_FxEnabled":true},"in2DMode":false,"pivot":{"x":-8.110897064208985,"y":-5.325783729553223,"z":-10.985221862792969},"rotation":{"x":0.062210310250520709,"y":-0.9359884858131409,"z":0.21305280923843385,"w":0.27331313490867617},"size":10.920804977416993,"orthographic":false}